{
  "name": "tinymce",
  "description": "Web based JavaScript HTML WYSIWYG editor control.",
  "license": "LGPL-2.1",
  "keywords": [
    "editor",
    "wysiwyg",
    "tinymce",
    "richtext",
    "javascript",
    "html"
  ],
  "homepage": "http://www.tinymce.com",
  "ignore": [
    "readme.md",
    "composer.json",
    "package.json",
    ".npmignore",
    "changelog.txt"
  ],
  "version": "4.5.12",
  "_release": "4.5.12",
  "_resolution": {
    "type": "version",
    "tag": "4.5.12",
    "commit": "3d007282ded510e32c638b2ed5a9ffe1f219d329"
  },
  "_source": "https://github.com/tinymce/tinymce-dist.git",
  "_target": "~4.5.1",
  "_originalSource": "tinymce"
}